x,y,label
-0.7249263796660936,-1.658702753704874,0
2.231814466524712,-2.2183427020181448,0
2.927485856033848,-1.9835875387770312,0
2.2478200761628084,-1.7303973405210449,0
0.6906721889251344,-2.050767584839477,0
1.5411553761837702,-2.057692119601415,0
-2.2052029610600647,-2.780481109361901,0
0.7118033910537327,-2.2678178636662336,0
0.902129763127757,-2.3675596852844993,0
2.933761925087369,-2.289773293452108,0
-0.9480994126757727,-1.4561133269214506,0
-1.6990993584987453,-2.4431066570046784,0
-0.37565310952469533,-1.9624154753441905,0
1.9674952294453965,-2.5335326290298372,0
-1.1614149482935896,-2.9434854306266405,0
-1.726034771270977,-1.767317870727968,0
1.084075497612706,-2.153391814814664,0
-0.5600806567422008,-2.4440299892115793,0
-0.5781655189095884,-2.3128120481435825,0
2.7338416216665076,-1.5151973267880559,0
1.1205258449407598,-2.5658403240898613,0
-2.0877831406392784,-1.697576939814575,0
-2.6798580112814943,-1.4294075555033707,0
2.5536781140611318,-2.349890248025759,0
2.532504031837182,-2.980148909084636,0
2.488077326195979,-2.246044381149636,0
-1.278866546844448,-2.61767032414601,0
0.05316983059563718,-1.4767991721706535,0
0.8098911918192067,-2.965625506715857,0
-2.636990251590113,-2.048820615872879,0
-2.3607945994452253,-2.235515246473009,0
-1.5171071907343494,-2.7048221760544506,0
-1.8030740115710977,-2.220596386860274,0
0.06641379775890144,-1.272407348038686,0
-2.0279872219954145,-2.599322044730626,0
0.4720486679283731,-2.806981414909848,0
2.2625277421734564,-1.9341066451956652,0
1.0003839275920647,-2.5969809064904688,0
-1.142599552070258,-1.6168380281628931,0
0.4841310347401837,-1.6050907036817479,0
-0.21998640217803977,-2.3404735311795744,0
-0.10471868098042103,-1.3439786596576453,0
2.500002806104127,-2.440562247386735,0
1.056715041839488,-1.8181122101407834,0
-1.5227947053371773,-1.3356152699109851,0
-2.738479999123843,-1.9590492502196433,0
-2.8519948197396103,-1.9748630912403864,0
-1.322982008311172,-2.201865976465526,0
2.8707638678750707,-1.70250356016071,0
-0.16185006974502159,-2.1370787073663404,0
-0.2527152112185562,-2.9586857062190437,0
-0.8003032163108657,-1.9310555532052118,0
2.8673858479580563,-2.6963052532303617,0
0.9980540758460439,-2.8873289184524147,0
2.94451388616514,-1.5287862390943832,0
2.6917119575210595,-1.3918312578472085,0
-1.4038592148578624,-1.8505077848356015,0
0.3408944075229421,-2.9302087361254494,0
-0.3062528354379137,-1.4082642146764657,0
2.065666912294599,-1.9167202012491342,0
-1.7913429871265696,-2.810688220839002,0
2.602361004001459,-2.2924962612959607,0
2.093470362426082,-2.8090169660640574,0
-1.071766760146678,-1.9616846002980055,0
-0.03218620695866736,-1.5433950912200447,0
-2.3221976480853934,-2.5527957970204795,0
-2.936395763637085,-1.7879903537946598,0
2.2673787838068176,-2.5277847192786336,0
0.005394328071387733,-2.232946755082474,0
1.2287185750432101,-2.894845198359231,0
-1.3432316914575269,-2.4521425945574533,0
-2.4525705275606082,-1.5415755615850664,0
1.3420883635857255,-2.1531299083156945,0
1.92475161275686,-1.5558397276300102,0
2.053653217459132,-2.7685423693979834,0
-2.5149799096742838,-1.4907906649485818,0
-2.2608715619932918,-1.8517904532268705,0
-2.4658646399765978,-1.521291471404156,0
-0.6020775019121469,-1.7127203406068294,0
2.234159838563243,-1.3543692822617657,0
-0.3781369139420452,-1.4117892710068618,0
-1.5428117852392451,-1.6527874353551792,0
-1.9240751950475046,-2.6017039502682886,0
0.6099719652747302,-2.9048356502993053,0
-0.4663742771573869,-1.6950695105106053,0
-1.3090765541315696,-1.4001804448066777,0
1.1062913440029192,-1.720859559704366,0
0.012217109382095082,-2.1201369968640953,0
0.21169585644745936,-2.4289476344019088,0
0.37354509648294076,-2.439553227820198,0
-0.5977716418705796,-2.4004672208668225,0
0.5326060412011877,-2.599147266245048,0
0.7150030174307971,-2.9653303336605012,0
-2.3899802953611538,-2.9775365663418585,0
-2.259700259375279,-2.4248193793475323,0
0.43533530872606896,-1.3839226774108373,0
0.05282189737378662,-1.4712865579031282,0
-1.6089057954738175,-1.7734566441870174,0
1.8438186482180692,-1.3957039966825397,0
-1.5150249065841235,-1.8997821300228739,0
0.6091204868656144,-1.4267761842535045,0
0.5580179794131439,-2.354229158536462,0
0.36560496871614223,-2.7888568534475424,0
-0.7556598702070243,-2.782166116777228,0
-1.158256259947238,-2.6271640554935543,0
-0.8918253807628762,-1.4955811516915765,0
2.9557389266296834,-1.5670863929980627,0
0.4861831485226782,-2.8118773609785466,0
-2.5394076760712476,-2.8523533545559125,0
-0.11295212137190713,-2.766095649692447,0
1.7451506865373112,-2.2132621144947864,0
0.3323745303775163,-1.4911201576376434,0
2.0834403997688122,-2.911766479096407,0
-0.7696822291773411,-2.884401966099729,0
0.9263901860697401,-2.6959458071285063,0
2.644944214950934,-2.043791781003077,0
-1.03243618591745,-1.9088730095288609,0
2.165141609438699,-1.82498338184437,0
-0.9321254447932943,-2.8911280470569003,0
2.59561488775753,-1.2883021172151905,0
1.4569225235911087,-1.7150302372840815,0
-2.644828345696074,-1.3762793597490592,0
1.361530553686774,-1.2249865977797847,0
0.18273685310225174,-2.9649647014869043,0
-1.4268494574696804,-2.0947523620456696,0
-0.30405220867793936,-2.974270888408757,0
2.410543338766912,-1.4207746689887375,0
0.6684511455819067,-2.5666765885060148,0
-0.2550259794790666,-2.857204273370832,0
0.19667460091959654,-1.3614268185484126,0
-1.3251763874671663,-2.1339348647043783,0
0.7914695101315585,-2.1556730621408464,0
0.6596470295998467,-1.987377871426965,0
1.5062455076085728,-1.52004236975548,0
-1.703888448454059,-2.865060799532077,0
1.0613409256407031,-2.7925379778496557,0
0.9457305612703975,-1.757309450664526,0
0.3126852859220328,-1.4632851104541098,0
2.726737955846791,-1.8539807360014733,0
2.712047427036963,-1.649105288203803,0
-0.15249271551482035,-1.6929691249507708,0
0.15310266851427645,-2.1359707772887417,0
0.9080849525215613,-2.604832685528253,0
2.21432598874239,-2.64557714194132,0
1.2756245371866664,-2.5006492375007716,0
0.06238487650349356,-1.203093205432604,0
-0.4473802037410204,-1.9962546318156287,0
-2.7054721874254106,-1.9361473439365777,0
-0.3288269040564624,-1.706507407496578,0
2.6953136985996924,-1.896983338482717,0
-0.3171481197995347,-2.4500912212636714,0
-1.1843824113231318,-2.3659859246508415,0
-2.6935874177090566,-2.0835271171019025,0
0.2194705567180062,-2.77018728574967,0
0.9310234128681563,-2.503650590167095,0
-2.40271599276807,-2.3909655820673255,0
2.323867040008907,-2.8748353157139395,0
1.8129021233273592,-2.752679822571081,0
-1.9453331965266265,-2.3410907328019417,0
1.4130105535531259,-2.711991789529205,0
-1.810355041243588,-1.5170656900532844,0
2.156433595724261,-1.5635435796404733,0
0.202290022733302,-1.7721924350935128,0
-1.4546096744073882,-2.824463944278638,0
1.9873349769188229,-2.46756026546202,0
1.4539342452254047,-2.0186269799087624,0
2.8091863204914675,-2.5248423748822315,0
1.3570884389970193,-1.3442619446493238,0
-0.3489104664887832,-1.9177487828708841,0
0.6362229568149149,-2.0070427013454384,0
-0.4374709828332719,-1.7225786499506144,0
2.2244842881517837,-1.581391687609511,0
2.178431197567531,-1.3768434217035723,0
-0.31828027324364694,-2.0986447659105325,0
-1.7758168517218882,-1.9514346397497835,0
2.244443688483682,-2.0737793648960716,0
2.0764434488046115,-1.3509089518240711,0
1.010290422573262,-2.743752778588921,0
-1.788096984307867,-2.9559306432496593,0
1.58703052891258,-2.637207541455072,0
0.22156617083192476,-1.276169663558376,0
0.5629514650507703,-2.2708954859106,0
1.4699026613143964,-2.73602661743749,0
-2.029075802181274,-1.3091158489621117,0
-1.5713451780253795,-1.8932421403846817,0
-0.5121494100778436,-1.7268176983733645,0
-1.9667512373374,-1.4333080845872177,0
-1.1556972583091703,-2.94568113853059,0
0.15679734295997427,-1.3609079378676985,0
-0.185836813428653,-2.5399022421095276,0
-1.331137024464401,-2.963361053067466,0
0.972353891778853,-2.267814139403113,0
-1.9432620167914627,-2.8106256588758383,0
-0.7444699134589587,-2.6403992269490817,0
-2.8069827869371395,-1.3921882926316431,0
0.8955375744424354,-2.0544043213071004,0
-0.9971117249506731,-1.8246229078397787,0
2.55429780999138,-2.252017986668548,0
2.229497832317154,-1.8446975110745862,0
2.0057911975163965,-2.2195608551876624,0
0.032123736588792084,-1.9394887492598214,0
0.9753516739804606,-2.6222453274534905,0
-0.1042161759540905,-2.3034480099845265,0
-1.1369775060650913,-2.0669345397002683,0
0.9903765568558289,-2.5459146623556537,0
0.9848922101329851,-1.2966709035383897,0
0.498942726936356,-1.8744258248224233,0
-0.5351859297932222,-2.29222934488792,0
-0.7156622075892183,-2.4884599504468747,0
2.529881618161319,-2.02912094719688,0
-1.5322591589408885,-1.5346673398538533,0
-2.96107866020398,-2.8818176575373835,0
-1.3407657564273128,-1.2987641177038032,0
2.81763544388669,-1.930102382712396,0
0.8554486363940792,-1.9775386733360942,0
0.04601216354405757,-1.2080611767404377,0
-2.050873799683001,-2.6129247922786853,0
-1.7708549959826048,-2.4074698130228915,0
-0.32915040689761765,-2.2493390382529252,0
-1.2497499643231178,-2.2935550569619965,0
-2.2819373595722023,-1.4374184243931007,0
2.628337002065469,-2.8066033454733237,0
-0.35526892705065904,-2.8033372220153496,0
-1.422494920198709,-2.3267820427979315,0
2.1001688769710585,-1.983916000830873,0
-2.2115269180305743,-2.445742633874648,0
-2.020735230816839,-1.6300838657425796,0
-2.550106016737424,-1.423034741626722,0
0.6622808456602494,-2.910139300952391,0
2.7082125585629626,-2.62015346227116,0
2.6970900301156844,-2.4526652677693854,0
2.561667377866878,-2.7542610384263195,0
-1.4390098021391018,-2.4467205479370215,0
-1.86287906965193,-2.622009444475826,0
2.8522023972751693,-2.9599424910706436,0
1.3939968685696478,-2.1585353326419177,0
2.4901574779036775,-1.672527721830349,0
0.7116787200348189,-2.8571657870828373,0
-0.23496802040604914,-1.2654675762091077,0
1.4621990474842539,-2.002267562388771,0
1.5129576068010095,-2.461739642820315,0
-2.1717613465080454,-2.7216480554128912,0
-0.8565915726093847,-1.6374906678140988,0
-0.8023820181464298,-2.8252995970808037,0
1.282106909810718,-1.4342000092886964,0
2.7618294086000645,-1.8780241283344934,0
0.8896809283587812,-1.491047283497198,0
0.6070530211915037,-1.4006223330712873,0
-1.5729626037794284,-1.880910356911729,0
1.6548298620075075,-2.4762178757109465,0
2.2847859084930784,-1.8523054919290407,0
-2.270054254157041,-1.7416186273278669,0
0.9631382674451245,-1.6604447087704042,0
1.8973770662534823,-1.3257481252933836,0
2.8645756551317767,-2.5075614826328234,0
-1.5260511053436487,-2.1593173107862453,0
-0.7379144278929051,-1.9207918065737235,0
0.4315299104361019,-2.3643218730473348,0
0.3347108233894618,-2.1261016322910518,0
-1.262000654686494,-1.909181997789037,0
2.8689183546851584,-1.913012071797143,0
2.157213397813301,-1.8484533535325562,0
-1.8463987277232332,-1.6717768945985296,0
-1.0715047152527502,-2.1759524166037387,0
1.1193713649102177,-2.4827541086406337,0
2.226274805811544,-1.857895167109287,0
-2.7199377499550375,-2.518624065658231,0
-1.3498248677237215,-2.381443816711001,0
-2.939919754618776,-2.9623460001476865,0
-1.3725267521035585,-2.3304595584153267,0
-1.7625343895543266,-2.5055360737332126,0
1.0569091745265942,-2.5139994548894222,0
-1.00137145116354,-1.5918525728088502,0
-1.9465632064527578,-2.6665126079419963,0
1.350594443368065,-1.6839646673264008,0
-2.7305502435870137,-1.7176499274781392,0
1.5272117417361768,-1.5724158638493149,0
2.623750301954887,-2.5078892141831592,0
-0.013111802535137329,-2.60118922944249,0
-2.520694798502963,-1.957582689193418,0
1.2229585692477496,-2.607225506763103,0
-1.2690797311399904,-1.329227473391492,0
0.7011414456074618,-2.1157461065825713,0
0.6066594256186351,-2.152320152050192,0
-1.3228626383218383,-2.503838203939223,0
2.192031680407325,-2.701983718809649,0
2.5459113338937724,-1.6884439092928902,0
0.8959123247525644,-1.9232278745381344,0
2.969425121468345,-1.6469979133862647,0
0.9826350656529304,-1.6463576437136895,0
1.8406558251037985,-1.6059835454919396,0
1.6603507075663266,-1.5385317672522598,0
2.9614925560637877,-2.2380819502380316,0
1.545395499932372,-1.3534508742063238,0
-1.8408251662654027,-2.501325604065069,0
1.7669468664028347,-1.3119720720099994,0
-0.3240633240054871,-1.2180500006932422,0
-0.07923364786453746,-2.965989388584107,0
0.7256542351202402,-2.890979753690756,0
-0.9086748880635742,-1.5831889331177442,0
1.514469627516113,-2.7815165951696956,0
-2.798668293202952,-2.249515606254313,0
-2.4945054958008264,-2.9328672927593042,0
-2.857049147686287,-2.3743897920401835,0
0.04496186049111861,-2.0568592214656523,0
-2.010370881483186,-2.0177579986690315,0
2.191724683072194,-1.4354953675507875,0
2.2995425717695106,-2.2998029507058417,0
2.078831437418529,-2.2722747530146106,0
-2.951853798189871,-2.176973326088731,0
-0.8766901035739911,-2.3510064146974927,0
2.3055011387805386,-1.4063449777188424,0
0.3092224957065395,-2.858796193392854,0
-2.979920209221041,-1.6077305881428428,0
-0.0609989090503964,-1.53522179990741,0
-2.269620946020778,-1.8079245521704241,0
0.3631978761091137,-2.8989621542369113,0
1.3154176520591596,-2.0355196206797905,0
0.0697729043414137,-2.687657694292519,0
1.91881360179703,-1.7720970879822944,0
-2.6693375697076167,-2.7648323540779387,0
-1.3532767910414312,-2.924316993642814,0
-2.034114708095144,-2.3050057377334614,0
0.044990201029385446,-1.6060852244597283,0
-0.21753607670342,-2.102575877050096,0
-2.0336080367778644,-1.202403906310819,0
-1.6407904578370234,-2.1199920588596863,0
-1.9498460034041085,-2.4124730806546713,0
2.5302054830696905,-2.042769025669604,0
-1.4081998960597257,-2.9780348396355185,0
-2.919390910571396,-2.8552018394861056,0
2.1336188103779925,-2.1944564466206993,0
-1.9686815185189828,-1.4149933301242243,0
-2.4612970931613694,-1.2580021233783598,0
1.283572069662684,-2.0352786476911833,0
0.5890630846966656,-1.9947292750081511,0
1.7514215177583203,-1.5593473100895228,0
-2.3506338930201416,-2.4977825444327815,0
1.5396179370214647,-2.2372199864079008,0
-2.0091824928718194,-1.5723483287320117,0
0.5387169650137777,-2.9114339925802204,0
-1.74717613177706,-2.8270589462615257,0
-0.9853403662662057,-2.8902876013113423,0
-2.2769532872649716,-1.3119067294743079,0
-2.2015616131953344,-2.928907491687152,0
2.4446048301427314,-2.3854715698908713,0
-0.41229871324504686,-2.9415899738574396,0
-2.1373103254509007,-1.5627348110348058,0
0.9596714254999501,-2.557895246052164,0
2.7163635310873024,-1.833815128839164,0
-1.5787568651769746,-2.1228203834008332,0
2.826152760558535,-2.4828132124487183,0
-1.4155433161683821,-2.967157560578455,0
2.8157777358593723,-1.6299091109550474,0
-2.7352082315923383,-2.7996880893086056,0
-2.777241872742983,-2.1238474245897647,0
0.16089196694282037,-1.2418311157848065,0
2.5890511053861758,-1.5520496959542214,0
-2.607489146962119,-1.6599508819950257,0
-2.001522296255277,-1.7996381315078869,0
2.1761616951525697,-2.1531356652470697,0
2.115843025633545,-1.3499468666986039,0
-0.7133093878700008,-2.6603935973714785,0
0.4341392917091049,-1.9412020711378,0
1.7034637119179514,-2.6964349880358114,0
-0.4032215219704369,-2.930692550933029,0
2.7600839801375034,-2.4009001776324936,0
1.903484473682953,-2.263743406473772,0
-1.0191832098995157,-1.9565993191763635,0
-1.6490698117018017,-2.0810312288867925,0
1.364865751593678,-2.3191816280645403,0
1.2311053107155558,-2.4613745201561255,0
-1.8623776645188774,-1.939313271689888,0
1.5143143520949405,-2.576122503992404,0
2.273422316316509,-2.193758785674688,0
-2.7911395225228226,-1.6047854499809515,0
-1.9850815928109369,-2.873244712073342,0
2.5616020543201135,-2.422616303835441,0
-2.37577691004147,-1.7471187770514192,0
1.219343279876039,-1.5964665760520687,0
-1.299898529951543,-2.0796543262495693,0
2.614166082323629,-1.910935053502869,0
1.0637262284135423,-2.803070632275044,0
2.3272136216496397,-2.6496408786373657,0
2.5313247624547692,-2.4857792267673835,0
2.1698368594990063,-2.440988214424504,0
-2.472063196295821,-2.1788393106280415,0
-2.7029844706003505,-2.7805679269761896,0
-0.7580806151844186,-1.4010124546513605,0
-2.2438153647874453,-2.0191884788232066,0
0.30274044881230955,-1.2279279656714825,0
-0.4877491234159361,-1.483774684067135,0
0.42571985774862453,-2.2608229130906645,0
-1.0005264812449939,-2.574087968608217,0
-1.868504742690046,-1.6013235973461546,0
-0.4247090621787719,-1.951192602292535,0
-0.2952024584709356,-2.86042880748074,0
0.5788038790127974,-1.7440141714491253,0
-1.5857110839791564,-1.5714452252047193,0
-0.5467370440363801,-2.4037433636496877,0
1.347524501798456,0.6023009067592495,1
-1.724021168978714,-0.13730857278332032,1
-2.1616857928404487,0.12088929942869431,1
-2.3340453601670257,-0.6182440822501318,1
-0.21499587721835622,0.6244188193960785,1
2.980557027553285,0.3375259936434598,1
-0.2215735466881199,-0.2621978152651381,1
1.5362728820704579,0.24119561726570637,1
2.922349706802187,-0.4013419189190808,1
-0.23782469327664746,0.18442229587811942,1
-0.1476373774130293,-0.1856190730578926,1
-2.7536808230939913,-0.21611351857139027,1
1.295419050915263,0.4514578098777742,1
-1.7870979896745343,0.5816804380917624,1
-2.297165660331129,0.6393911063869862,1
-1.86261478453207,-0.022138767409619398,1
2.171239512381324,-0.5559255883092638,1
0.03971307481711461,0.29824374358522476,1
0.714784004908398,-0.4370730569582588,1
-0.3770553679589099,-0.0854903060659411,1
1.698634542824391,0.5589955024571043,1
-1.4871600351075833,0.7662154254670508,1
2.022368391150282,0.3376636273236846,1
-0.8612099632618602,-0.7843637519405586,1
-0.533782559779282,-0.10266818773748376,1
1.5033374756870144,0.6011258828849053,1
-1.258813894342206,0.07031165458166289,1
-1.7554555584933498,0.5562358790995274,1
-0.43250678613704663,0.10880206964720429,1
-1.2239529725074816,0.5877398806492433,1
-0.03358052829335456,0.5283897111225233,1
1.763524793482624,-0.6287117073002233,1
-1.5941807345922312,-0.7943754771586948,1
1.5748646453963273,0.06392312170200665,1
-2.2387092782349463,-0.0027250983955360297,1
0.9870484509159665,-0.15231028559387783,1
-2.629556097564853,-0.2207913090564162,1
1.709027410954417,0.0006910958983255,1
-1.4884245959274474,0.7495992502159852,1
-1.1984911916921148,0.7843276913307999,1
1.1115771622819954,0.5522033132262774,1
-0.8955836081690043,0.6189855084696414,1
-0.25245633755873254,-0.6711214120616318,1
-2.4798788196011037,-0.6219013569084884,1
2.7193866769229356,0.7639545159030252,1
0.31823852923000606,-0.39924830562884894,1
-0.8492203901794264,-0.18604634058225056,1
-2.8505976194589078,0.07606347157225901,1
1.6177309982499555,-0.6165244445787832,1
0.4247470758259384,0.7156434175599653,1
-1.9899075021371275,-0.7850599229187667,1
2.676789650485568,0.41187029809001796,1
0.24655946428307285,-0.0633545866355032,1
1.573268690450531,0.6839886787299712,1
-0.6415741227084291,0.48602217291304584,1
2.872697534734753,0.27721702799189263,1
-0.19930013597444507,0.0955560511223883,1
1.2327473423182926,0.47642607555636385,1
0.8311544375967319,0.4009430643526146,1
2.069061394511702,0.2778430549733586,1
2.440590895457336,0.6642526510142135,1
0.04213997587022478,0.38373504973650885,1
1.7782499421464042,0.4567518576895835,1
-1.253567547426205,0.29785832499384135,1
-1.3969996238443927,-0.43748350684417403,1
0.8193066734966177,0.015576765618077637,1
1.0551059133764422,-0.699018951414073,1
-2.525435323532128,-0.6045442722297949,1
-2.705798854330763,0.28551538277429067,1
0.33388197526420704,-0.13984763692932578,1
-0.006396686097788873,0.32916353340054005,1
-1.5629128384494413,0.7639427809447978,1
2.941353866136959,0.25770531252811635,1
1.7506181526765774,0.4071897228311654,1
-0.5423178015456189,0.7951501266474033,1
1.247901989375091,-0.2562217767326933,1
2.2212270553138147,0.6915132150541621,1
-2.5938298489813336,-0.38279082314939394,1
-0.09993310980177528,-0.504073155798245,1
-2.142753554745528,0.5719532661657496,1
-2.767127674739734,0.18228561995252246,1
0.4812670390674523,0.3281744255301353,1
-2.538043356069603,0.1919709342884106,1
2.6224895356344975,0.5265643415520866,1
1.5583033964142032,0.7621229015387874,1
-2.36480397166207,0.501542717509166,1
-2.2853698020901563,0.7795039421519645,1
-0.10634471426983527,0.12437858630012766,1
-0.24844895382177157,0.13131348116661634,1
1.1373487343674427,-0.32052257325447986,1
-2.2245160866762506,-0.14670878395867293,1
1.6922682945573415,0.04901602229643087,1
-1.4198947999281384,-0.38563135298778217,1
1.065977026817392,0.3887363819626879,1
1.5957859710601268,-0.41197484198278644,1
1.7027532545257316,0.2572608782789989,1
-0.4638309851137459,-0.20411132386191166,1
2.478119356704429,0.4167668927612427,1
1.0797915658296153,-0.06503844681108717,1
0.13043968060956246,0.7178771681205958,1
-0.9354292757202121,0.5008303996257757,1
-1.2941560372983676,0.10194288118489236,1
1.9149633315230643,-0.3037313117153815,1
1.2772683993458234,0.4832417683888801,1
2.5563505081133595,-0.14952160919483592,1
-2.0105992768810936,0.5814582487063644,1
0.5962406484181395,0.6960612227981882,1
-0.5291386006246563,-0.411033658648452,1
0.13012262514560025,0.5313319059561938,1
-0.9511823469800822,0.5306236742034831,1
0.4038615540382273,0.7712361925151692,1
-0.8426403839024639,0.33973222986718987,1
-2.662565157750204,0.16370488351043466,1
2.9051494717448634,0.01647296634970541,1
1.3488907442529152,0.5463359339469323,1
2.6593398454489687,-0.15296098459120966,1
-1.4289237758453557,0.4132799467158659,1
-2.55148877390873,0.5710501809232182,1
2.564566980338042,-0.40704174983201025,1
1.9680201783259257,0.4309476950456794,1
-1.8799354954048408,-0.5455171672485499,1
1.8750408679697648,0.3010785039182,1
1.079359174433396,0.6542972087967494,1
2.023455940882968,-0.23478257762485155,1
1.000410840979737,-0.08342099922144053,1
2.4275422076059723,-0.3326192967535828,1
-2.253361590483579,-0.18283919622894507,1
0.5548022805458501,0.020412389112212548,1
-2.8911975118399837,0.5882973338432032,1
-0.9746904500004954,0.0914076231610017,1
-1.147548376251275,-0.2484396326464422,1
-2.4411638199043137,0.4172138339520419,1
-0.5356517509658092,0.02725920465593079,1
2.1373018904647187,-0.632083306627468,1
-1.3660565475848494,0.44757341077199975,1
-1.936226358643633,-0.17563864256388673,1
2.3542034464327877,-0.3086173476105407,1
0.8693538568124843,0.3774931311857883,1
-2.0785165151627676,0.48768091651713785,1
2.5558790683675348,0.6699996490431834,1
2.510572825366041,-0.6549818887439822,1
0.8458078699221518,0.10465239810500071,1
-1.5494874598531836,-0.7626079365114444,1
0.1498254272469346,0.7275132990764153,1
-0.2184717632488753,0.3239345343590285,1
1.8744667808662907,-0.5609643643880524,1
-2.7856057112081367,-0.14420105394946914,1
-1.1678366086899095,0.16887943832602925,1
1.2693043463083056,-0.5550401408529666,1
0.7749254698509396,0.18894716582783788,1
-0.7847992929117744,0.5663932095004776,1
-2.1322604602873083,-0.24691449090857098,1
-0.6397531543187913,0.6853862969186775,1
-0.7214668375389999,0.34253783325827447,1
-2.118694190325196,0.6462799773295171,1
0.9285893007386208,-0.3836893755945656,1
-2.88262274567035,0.2064808297712073,1
2.99609246809288,0.7543963159405007,1
-2.3201035890902313,-0.2609787605306866,1
-2.5500842112114777,0.5810470365509088,1
-0.9125985172997373,0.21774160344771865,1
1.8244503502690286,-0.21683991062005958,1
2.3639867687768508,0.5336145644979506,1
-0.3430504020878282,0.3195475279972282,1
0.30657665368637854,0.4900427290908089,1
-1.8205544475692126,-0.323433777965632,1
0.38297286847590684,0.22484127120486708,1
1.082127653495057,0.1730303211453652,1
-1.0518101342992305,0.7069465980191492,1
2.3470000457374773,-0.5423731698149101,1
1.9998508825468457,0.7695828166465368,1
-2.487320799943909,0.32853444059227854,1
2.628395174634968,-0.3041094162432523,1
-0.665711987224376,-0.0935837001565396,1
-2.9421945420469404,0.014124340011170133,1
-1.3842586088672308,-0.1606854569169336,1
0.43148388453029574,-0.41840747449555105,1
1.0047638563902872,0.01238913874254921,1
-0.14207168062112974,0.3957930574445534,1
-2.017626583857164,-0.11031301984759123,1
-1.1897670976332264,0.10994374904849114,1
2.7849301688431867,-0.6475465034022321,1
-1.28983067670427,0.42576635805265317,1
0.8143247779631801,-0.5320278431246575,1
-2.8058730809417556,-0.015392527012010326,1
-2.4660277153924546,-0.5183670381416561,1
1.470008985307203,-0.5524377988767961,1
-2.0437272557541744,-0.45348842482214513,1
-2.301125104695587,-0.18993177513251025,1
-0.9491619687169086,0.3274722493053055,1
-2.665954008632963,-0.5412845057089042,1
0.1012322758845392,0.6784559321865284,1
1.5614091557260004,-0.6127301601106137,1
-2.303535408410252,0.21301961572314987,1
1.946550421855612,-0.010830535001025154,1
-0.8850637731401099,0.3387890523962449,1
2.118013227738393,0.6073519595054142,1
1.779703062433577,-0.3206172857548082,1
-1.5070687961874814,-0.5302744087628462,1
1.3395283262535749,-0.197584230497462,1
-2.9892047244788316,-0.6834208592676543,1
-2.9517816583267296,-0.2953622645028844,1
-0.17267719108745272,-0.7574998583979795,1
2.7202447812161044,0.685179553986417,1
-1.2764686403414014,-0.43696850472469473,1
-0.6703623265835223,-0.46703461735026597,1
1.2124014763018174,-0.38002630396430215,1
0.8348960365199258,0.7296906194594719,1
1.3842040148931902,0.3228084985761952,1
-1.025513126523797,-0.4444094558200926,1
-1.3051105031856207,0.49097498707948084,1
0.4411635973622223,0.11706270028089572,1
-0.01898553345382492,-0.20956950411620312,1
-1.235935508723949,-0.457496161954666,1
1.2198362745976468,-0.32571948668361683,1
-0.6176170322883454,0.2915905267640859,1
1.0095681413962172,0.22501779500334962,1
0.14598361034128438,-0.7523308793755419,1
1.5612170641081375,-0.38148398911851666,1
0.14360268459383185,0.21967686355840854,1
2.139756961830983,-0.3351585465450819,1
1.8468545688254565,-0.21506268469254897,1
-2.8659872048332984,-0.7312426610538179,1
-1.0439155048495952,0.5119332110854158,1
1.8837118878779,0.10436757035254285,1
-2.6698668455868715,0.20964317399972288,1
2.3563332382284248,0.6080824990771525,1
2.720106364406366,-0.0034092089353738864,1
-0.8405834023242935,0.46547806937658986,1
0.24453055855807504,0.40169609885009594,1
0.8843950566260217,0.7412353842154134,1
1.3089810442688146,-0.2910343248701275,1
-0.4593803479724068,0.22819886811421775,1
-0.7157810949897612,0.2829530690570716,1
2.7133526996427895,0.409649722735014,1
-2.180503244622855,0.7436369833358718,1
-1.3679942400926448,0.3324892368883754,1
0.03238288850629889,-0.4797103730772023,1
-2.730171569053113,0.5319833925833928,1
0.09197914188167111,-0.009362965650605126,1
-2.6606936862452537,0.5190290008081035,1
1.006160948981277,-0.13566029006941926,1
1.7590008222063656,0.5865168465869033,1
-2.983248494535623,-0.3439439388654293,1
-1.5982445123290365,0.27142464711013314,1
-2.9320900081143773,0.6139278527431262,1
1.7214589113373178,0.7175243821587038,1
-1.9137923827151662,0.5683039759048576,1
1.4564935091399258,-0.2954284553674569,1
-2.279586450739651,-0.012735772240768384,1
1.343176804930943,-0.3479468325966275,1
0.6762507860307316,0.17514151100779518,1
2.5405853993842094,-0.5100478168646423,1
-0.25716461342550456,0.36038062318353514,1
-0.8339555794454991,0.21487914854153445,1
-1.3107377839298804,0.04692963850420506,1
-1.8896691236460381,0.3936726519826621,1
-2.476444504784175,-0.6329412378379526,1
-1.7990490265858368,0.7254536417732682,1
1.1221380571398782,-0.5715330775902494,1
0.47613856084304373,0.5885110601490218,1
0.5370393879955335,0.0836422836716153,1
1.0112706467932364,0.629722182157602,1
-1.488923575711766,-0.43354928448542474,1
0.6980035098441317,0.42072480709762683,1
-1.2403311991195378,0.4757054813187622,1
2.079780111519746,-0.11504273201129278,1
2.4224595356353538,-0.24190488029882928,1
1.4125747682190912,0.7546362639005686,1
1.769624987485705,-0.7366432825122446,1
-2.8839225638803354,-0.2060222736334234,1
-0.7007392790512537,-0.6166437861377485,1
-2.7264484458336815,0.07710210161764408,1
0.016862805301833816,0.40448449610103854,1
-1.7350891989155173,0.3832019935648052,1
2.8642151152075783,0.5507206160681832,1
-1.306091539428097,0.051185285316867724,1
2.478173579631589,0.20898110051360863,1
-1.5260035311115943,-0.4146782411303689,1
-0.6171393985027631,-0.08884531806974394,1
0.07042504341833,0.7698905671141527,1
1.271548108413529,0.5262165327547419,1
-2.717964575504343,-0.0281449736414654,1
0.25218370814359226,-0.012876218354550328,1
0.7879386518097435,0.08356396489953166,1
2.8737033036722783,-0.16255480618861107,1
-2.3093953257531945,-0.6384138221012376,1
-2.8132602216321905,0.5662073298412711,1
-1.9410107609760137,-0.35717140984725004,1
-2.8730148692825166,-0.7146707070014813,1
-0.11120352020819935,-0.08379560822730259,1
-2.3729226901240335,0.3701218128022905,1
-2.8889117511709212,-0.7532027167275004,1
2.5572587104602,-0.03392488877799282,1
-1.0480062339959846,-0.7914938081251459,1
2.694830970381707,0.08151669707836184,1
-0.4867226872878141,-0.4136483385768037,1
0.44221306828488416,-0.3869962684178976,1
0.8018663404361188,0.28821441679522675,1
-0.7169600078397451,-0.6010513158134678,1
-0.08604036717980978,-0.2439883481892915,1
0.4997514918825319,-0.506053750295532,1
0.9615288780434676,-0.3115809490725061,1
-2.780921601703435,-0.45369281936603256,1
-0.15795730013799636,0.15444830298840984,1
-1.301223232282868,0.32434691268595284,1
0.5841328751580104,0.40100348186903156,1
1.8569908223783615,0.3337648848990855,1
0.6604617891893048,-0.23243528049812223,1
-2.512204433592018,-0.7888256014119364,1
2.802879823548972,0.39513583592436907,1
-0.0628687445657059,0.10980790110863836,1
-1.848648886367391,-0.07462312032158991,1
1.4069256795858704,0.33309196818163844,1
0.04903464634872856,-0.12290742528586396,1
0.240584496960083,-0.340380206183053,1
2.5690907995298646,-0.4545790138589463,1
2.067953828548153,0.7453995383087717,1
-0.6267098415573802,-0.7258133875207733,1
0.9605958795718115,-0.3930549991729375,1
1.129702139268181,0.029791389370855015,1
-2.6128960801441607,-0.1629903435835942,1
2.566887174156615,-0.009009256163261092,1
2.27762649204145,-0.12145964307904489,1
1.3929076565542928,0.033399875271222346,1
1.3673880951959454,0.5667786467551652,1
-1.9347663985468049,-0.6672081058021782,1
0.9497531465759668,0.30269311019598133,1
-0.7971537151016155,-0.07245851787496882,1
0.16021957904538864,0.0784382266215995,1
-1.7208441800178045,0.7035553076977159,1
-0.20058497029578426,0.09855348904221062,1
-0.15634898241327377,0.78687260497342,1
-1.3635830734156995,-0.6321290230456551,1
-2.215417399006135,0.5622528563980231,1
-1.783304482477546,-0.511750136667902,1
1.8202067527594963,0.5245199263528662,1
-2.8482811785252014,0.18583364116068246,1
1.741408998406289,-0.7748230236123139,1
-0.7362714527084764,-0.5706474022542105,1
-0.45278054082589403,-0.7838089054441144,1
-1.6717202218439098,0.7184169713769535,1
1.097605194790221,0.15533366770681534,1
1.8855080706567673,-0.7848696943906415,1
-1.2456630192857159,0.49969936323996933,1
2.8953078420674814,-0.5145957353546917,1
0.2573699855229794,0.3351915128437968,1
-2.9359329129564085,0.049690600615352576,1
-0.6538869753871159,-0.343568351050183,1
1.3035135995828941,0.5154756410527961,1
-0.3508585680333587,-0.5443383507393476,1
1.033096235635429,0.4319226026381564,1
1.9093717563990618,-0.297229294928699,1
2.8667295820770233,0.4347139349800746,1
2.7451979785306424,-0.5522225654871722,1
1.7875381853374757,-0.44798345159570196,1
-2.427425353617959,-0.21915596889475664,1
2.967004355367685,-0.5151990549200236,1
2.7650540313082015,0.6915571742702076,1
0.0016407955775625815,-0.17799926397331678,1
2.3914113551946077,0.7430180067350376,1
-0.928078954309437,0.299585466521084,1
2.3565563763245194,0.7412490864863868,1
0.5024886968347992,-0.7315168420262452,1
-2.500099497363351,-0.5707402017253171,1
0.6403180579083094,0.09017454275914982,1
-2.4177121394273957,-0.48075116265201956,1
-1.9179095566344417,-0.41091736572443427,1
-0.11557362201163013,-0.20169193013587616,1
-2.3652460941447,0.1646474570163199,1
2.7278285830324,-0.2958735256655953,1
1.251194788396882,-0.24955464773877,1
0.9718205317399145,0.566926952635479,1
1.5859204562131062,-0.11702920609373013,1
1.5599701660381493,-0.546324460941058,1
0.05485954457005615,0.34735217643123395,1
-1.4206074743632484,0.43257613130544215,1
0.9820554374530466,-0.5807309370601494,1
2.721641041555496,0.5160543330945639,1
1.3286090332262566,0.047779158500333985,1
-0.6133478616376009,0.48703793526217654,1
0.12947333661016547,-0.11015711361001479,1
2.8600378261798314,0.010380690652752378,1
-1.083200537312569,-0.415291233912487,1
2.575781656205873,0.7699244574953554,1
1.0144043655034105,-0.208213829139134,1
-0.42224473248516237,0.14206025269503186,1
2.012572302378601,-0.0331645920774144,1
2.27512070632262,-0.6783473255383496,1
-1.3629853103702092,-0.0019572825768969793,1
0.39251351957323566,0.009112839750426538,1
-1.1438455488018295,0.6541251131632224,1
0.7566633338613737,0.1907834890049278,1
-2.4377983145935183,0.28310732165070895,1
-1.7478333524909384,0.20898471220598624,1
-0.2238022521881744,-0.3509344000112131,1
0.8803697135114064,-0.5515408262817427,1
-0.49526821146322586,0.15977363149422485,1
-0.7330306223919654,0.7244587562855025,1
1.9129932238242597,0.04066982228101601,1
0.18823579907104948,1.3373182891794198,2
-0.6264184705438387,2.355248115061052,2
-0.18657151170514386,1.6929122277182316,2
2.330766610640449,2.2203056195633266,2
-1.899125597268193,2.234420346059439,2
2.3622509811093035,2.669619095525791,2
1.8492940623021017,2.2479108161412036,2
2.8219531807144236,1.293688710549615,2
-2.6054485452984646,1.225811051074155,2
1.538323159700389,2.1286118838754815,2
-0.4687562137812735,2.3313811055037217,2
2.927638400893181,2.716045147449818,2
-0.3188186038901706,1.5095346708156896,2
2.7645353406598856,1.5487544082847675,2
-0.04441063533300671,1.5199901501778443,2
0.02462452013814964,1.76611180203132,2
-1.1170515910565297,2.986955025307009,2
0.8004164468663859,1.7927560140093606,2
-1.777430829234809,1.382097067217674,2
-0.3096914955967405,1.501071212816032,2
2.4636980325709805,1.9481834105295182,2
1.794840287038081,1.7812695649790307,2
1.1963076741921785,1.2580310724095956,2
1.4467535172407437,1.2713319377201824,2
0.8163665273185785,2.7027832374547156,2
2.180372594578513,2.281250311494076,2
-2.47127606062862,1.3371439930451139,2
1.342969198825715,2.532329603221074,2
-2.315671458610474,1.4444818887263944,2
-0.3636059184405269,2.9010234214903257,2
-0.1432451706544171,1.2008260549863117,2
1.5748898333077017,1.287803576798276,2
1.9843286390596653,1.432802043269005,2
-2.7855640017132393,2.0333390512126774,2
-0.9400034861157662,1.4142853799666382,2
-1.339469203165202,2.8852859245605034,2
-0.8925771434289249,1.4888358358486338,2
1.6326095763742359,1.9820682332296053,2
2.0511846930615576,1.617709369532104,2
1.0489905285212204,2.425862987269962,2
-0.5023559872676486,2.649437034274216,2
-2.148606030537554,2.6315948866081245,2
0.610593061835746,2.803479533231009,2
1.1516647484393516,2.891471255404632,2
-0.07576469459212776,2.726159776642646,2
-0.2576024792094307,2.2662518516341272,2
0.060653310313366404,1.8825628353389368,2
0.3896958370987873,1.8460028936717494,2
2.193008647440628,2.2172869976742122,2
-2.2346960210826188,1.8868095386606782,2
1.8525077433891992,2.6180135547875967,2
-2.6273808421909175,2.4856513940203016,2
2.069716982776413,1.9799760970905371,2
-0.9820767031220372,1.6498139336356958,2
2.7920489582831944,2.2296438035740387,2
2.9679002275090482,1.432260646244277,2
0.20022048200318565,1.8822563871725961,2
2.3555796985507325,2.847554258112912,2
-1.2261066439889612,2.5995457318668036,2
-1.3080276563092565,2.3800344946485517,2
-2.1861671228802084,2.5208646636745913,2
0.3174427403724067,2.040686861039722,2
-2.3141254280744943,1.9297483255960852,2
-1.4819995028278792,1.2082887998169891,2
0.7906752854134615,2.789163610496269,2
0.3075764394475913,1.700860173552706,2
2.9929464264982863,1.6317844440850875,2
0.17562636044228075,2.4379453286037505,2
0.13630185861600808,1.7579660449716137,2
-2.488029708476081,1.421314962418883,2
-2.707293982082246,1.5992552163938267,2
1.9243829903318428,1.261254519408582,2
2.2053254473107646,1.7125202068435108,2
-0.9708487699959516,2.7530120596356538,2
-1.4706272801141342,2.4377064442804377,2
0.9089643754744232,1.470847242768519,2
2.426817988206756,2.5131732036432792,2
0.7883750097368036,2.625999167203906,2
2.6587202267512184,1.7411876119277299,2
1.6665183424699421,2.318044234547907,2
-2.936087160416525,1.4273714923230951,2
1.348947728077035,1.63124531625823,2
-1.149205756795034,1.6321639709704385,2
1.5406659177606539,1.2644126435467404,2
1.6991610629697131,2.584030172549083,2
-1.1125978290237606,1.705055523321744,2
-0.3481029084087881,1.8097342355340214,2
-1.1894433244360942,2.3949338263729096,2
1.3159558935597513,1.7825908772283956,2
-1.2542200029754924,1.2819240378919252,2
2.0956830761506513,2.0995429849396405,2
-0.8961020736991117,1.590170885755846,2
2.264037279862997,1.8737548249018214,2
0.18873926052129786,2.8756830486422755,2
-0.36922613991224296,2.4740570198468372,2
0.34113544340539637,1.2602177818028801,2
1.0628536991803212,2.724067092804143,2
-2.9931396288647165,1.817370179871638,2
1.0619972100429864,2.5095466606536174,2
0.6825212301684003,1.86131078007468,2
-0.3243361638069695,2.0251003980169395,2
-1.9858790211384398,1.417362741271976,2
-1.0906523692302548,2.034578817567513,2
1.252685843558023,1.2395496568607491,2
-2.2757417110777856,2.4717044245366413,2
1.1354555137179956,1.4066805709154586,2
-1.631245928413069,2.13043264446182,2
-0.31488170218346,1.3308410298645672,2
-2.130699581604489,1.6661828643282597,2
-2.7232486423057285,1.5611693399566757,2
2.964034873032406,2.9847288871795037,2
2.765602452129947,2.0706691040235103,2
2.848633072789913,1.3393441048034074,2
1.1066354634109503,1.997543968453888,2
-1.3981369699242419,2.0181462296857244,2
-2.4248806302533907,2.366707829171526,2
1.7418284929520382,2.7700006872669496,2
2.7315547415582717,1.4304893176212978,2
-0.9953491690875365,1.7209335650934836,2
2.5623450945219544,2.508173447453551,2
-1.883829159969063,1.55778923970548,2
-2.035128208186885,1.4096770222535593,2
1.576470039798605,2.322663895967594,2
-2.725810439675593,2.66668531134035,2
1.677020293305623,2.3918857398220332,2
1.4589630229979669,2.099316553803787,2
2.43004667904996,2.149592223318953,2
-2.22686409287871,1.3755311791932243,2
-2.6108120182270818,1.89991204053642,2
0.7957022785106203,2.3883558494005275,2
1.1879485418019087,1.6232003254555991,2
-0.5181240296386811,1.627815886903769,2
-2.3657058973032754,2.3819536978366056,2
-2.6459727318436594,1.2354282272658317,2
0.10049556280992755,2.6184773089279156,2
-1.5449132047297593,2.178062490146141,2
1.6250728449612906,1.857452191463497,2
2.8411469644812977,1.2221007977614509,2
1.915998124659497,2.6034772596889537,2
-0.2667369066636245,2.9558008209032245,2
0.3166419883194571,2.656905316432975,2
1.3158156212668715,2.087120921336026,2
2.1666036679695555,1.2244621152761432,2
-0.1886271803507782,2.309211391222,2
-0.8325019929791928,2.7658571784284973,2
0.45364433600084064,1.7966488861125889,2
-0.12389195969314581,2.1325142054544006,2
1.114581207437011,1.3307993976600585,2
0.13845619816604948,2.378408311848828,2
0.9124099985491796,2.2632937798347808,2
0.49391599754303517,1.961855318522427,2
0.2735388704927364,2.4173801251182603,2
0.2880890529732798,2.71117862511604,2
2.5126607636137006,2.777339844466435,2
-1.525461187754559,2.6813408987733034,2
2.6446426248484656,2.3570326536035253,2
-0.4258290544548511,2.5442010594324636,2
-1.9355439328720996,2.1646778701377656,2
-2.332382261885739,2.1206798192110785,2
2.119962773310128,1.3358588462731227,2
0.689513333263799,2.245704055339502,2
0.9379906326482486,1.6294685151453523,2
-0.09196441998837557,2.137895392780644,2
-1.8748159158114555,2.807271281512584,2
1.875701291363347,1.5441551867039358,2
-0.3573168268832312,2.390663876413724,2
0.4626264238636062,2.208281193566868,2
-0.5661702101301134,2.333501541011403,2
-1.698459828081743,2.8975416992033,2
-0.8656178560318044,1.5649806069206065,2
-0.646093236960104,2.5465419796200663,2
-1.6972563249615018,2.837333283039354,2
-0.16397542125970554,2.9720851574403646,2
-2.437438347251426,2.1182145678010142,2
-1.3548356547921894,2.163116298743634,2
-2.2672472723801325,1.6857535765333989,2
2.3500620035072206,1.4761916071860455,2
-1.7180945252243651,2.49977501064766,2
1.625713767399862,2.0154576535767763,2
-1.5122286472620532,2.97220979302909,2
-2.0056682835090163,2.9635262902533013,2
-1.4723099760698746,2.085698018938846,2
1.4763165638389975,2.349190070588551,2
1.4522042773230321,2.087841134963135,2
-1.8128484389581867,2.198681630485903,2
1.654392712497268,1.5707726282628443,2
1.7948051966125593,2.8353710635599,2
2.3837277315133134,2.528579177978955,2
-0.8541764470071769,2.8476411567557003,2
-1.8852250675702464,1.767313441672238,2
2.1216173092870463,1.5408500496385322,2
0.7782258807816165,1.4779900213825279,2
-0.6549449854950424,2.5953489704155333,2
-2.026301307510524,1.911131299707928,2
-1.20218100313462,2.895530273008011,2
-2.4250412555859544,1.9503153093489702,2
0.5586605273356966,1.9580818754829572,2
1.6785159615056706,1.5429687161064827,2
0.35129225329327785,2.568215453030981,2
-1.3402423497615912,2.090159668973489,2
0.15702037343601205,1.672162151342084,2
1.4686015430567014,2.61422029634217,2
-0.17421191141927705,2.146027574946995,2
-2.2367609014793217,2.8605459366911123,2
2.8679531063628563,1.959783866205247,2
1.219229178872295,1.226638003929791,2
0.8807046397858391,2.3999109290561993,2
-0.4801955785889209,2.395258959316595,2
1.9795233401802,2.4340609759325664,2
-2.7031188716654793,1.4460434925925085,2
1.3861264408083036,2.490711288174073,2
2.9501261173728643,2.5558160121168196,2
-1.820897570206752,1.632630035981916,2
-1.6641743347158446,1.3252952794857151,2
-0.9677814652466497,1.2639284953442012,2
0.15232385387977,1.2103802391645502,2
-1.483043859362888,2.958430385806902,2
1.6355813822371577,2.4458812281773152,2
2.6229725763275304,1.5624853088243063,2
2.6528320073417646,1.867841077965469,2
-0.01637406788622986,1.879338012458101,2
1.477290051270879,1.2812053765007345,2
-2.584528870846043,2.777457223977475,2
1.8730040948060287,2.800312396908618,2
-0.15623707303791967,2.45676890648293,2
2.3554910312367427,1.2382147821685336,2
2.4850829177245597,1.725515294466315,2
1.1067779673464475,2.287603379089374,2
1.0317905584966383,1.5826520458032975,2
0.5260512152445886,2.6495120059897976,2
0.626068694542588,1.6044858812593636,2
-0.668410979972256,2.455503999055419,2
-0.22106265398154434,1.4952213474281146,2
2.149412360354092,1.4515014372470239,2
1.290498002112221,1.2606861563060452,2
-2.5329733577413442,2.8550815854852534,2
0.1266685322913217,2.843818476021295,2
0.4029896625673284,2.8426619801929878,2
2.1718965448807293,1.7832541555063353,2
-0.271310952838435,1.2599109870789968,2
-2.007852420191907,2.0932386490784767,2
-0.9443136683948685,1.7514502618215788,2
0.179638001796393,2.3716364330658077,2
-2.0082220216978413,2.5980462896147314,2
-2.314470077860416,2.10872551896939,2
-1.0788585696964272,2.693360561952238,2
-1.6297987361414086,2.2127336265563065,2
-1.3507389804132623,1.6793919537663893,2
-1.3088465342378208,2.9919156078738904,2
-2.31063213810011,2.609604096670708,2
0.1627489279524177,1.412802582966859,2
0.370800206676158,2.053446930924891,2
-0.8590577556101167,2.974857152729464,2
-2.0100441829467064,2.5400027455491427,2
2.5613813043139935,2.553515548988604,2
-1.1257746050765078,1.2996185602515453,2
-1.6055824680694817,2.3684587711824356,2
2.319346435266178,2.5981604817532737,2
0.2814864270945989,1.3192447916507097,2
-0.3583369224310644,2.213089492691296,2
2.9689003224544743,2.1987584329794005,2
0.26551090493209095,2.6572138507882928,2
2.36150988384287,1.6576495574855103,2
-2.2886751274891663,2.702218862846676,2
0.40556919815713766,2.9890597729094983,2
-2.9524231559934666,1.5329434157938318,2
-1.8582042644663472,1.4095878712352627,2
-1.9870773463336928,1.9536355052058356,2
2.8076020371741555,1.6250428381667756,2
0.6300200035377168,1.9185063602847316,2
0.28408216766206573,1.4629661557555549,2
-2.135952343122792,2.630285353812753,2
-2.1938247087112606,2.9282495420635364,2
0.8480991592434446,2.6144597922894848,2
-2.0448971866483543,1.5341812697540531,2
1.606157292841015,1.8369691988471795,2
-2.2970615362503475,2.830823499574545,2
0.6582423026847666,1.5350012431456852,2
2.2638763785823715,1.2782126369235716,2
2.787853259931917,1.4367830045786718,2
-0.6289706871661016,1.604179891577238,2
0.5035966970104506,2.5790664576461895,2
1.9262652378964527,2.7460409141449302,2
-1.9562350326491653,1.5559275966536532,2
1.6272497570120583,2.7369097323020064,2
-0.9587943511499533,1.4325762478310882,2
2.8926098353553575,2.5501470964052064,2
-2.735271245950549,1.9216086238304886,2
-2.0445261295036214,2.8679166356856634,2
-1.3441090365532462,2.301040208997775,2
-1.2297178150477728,2.911824641452733,2
1.9073447823967111,1.2982980366247219,2
-2.617485642484629,2.0223483181286763,2
-0.6597764185409822,2.670779929477627,2
-1.0957903819276786,1.854379170085135,2
-1.2084399294241452,2.252472298032301,2
-2.6338598907485262,1.414498264493023,2
2.472187638691258,2.6471314328818867,2
-2.9762238299612784,2.2171661027248515,2
-0.19508253176975554,1.518630407610928,2
0.6333854759598951,2.33312387762344,2
1.2308542444077437,2.3851353735717105,2
-1.4158367161500303,1.9415768218858105,2
-2.5421130133071923,2.026800063274411,2
-2.358320112599861,2.856050145096786,2
-1.1951634395579664,1.4157549571326662,2
-1.4915112162368669,1.3231035906723925,2
-1.9129369581309654,2.9462836870703732,2
0.6548065754908885,1.5346273283535226,2
-0.5257564335761282,2.5075763685038375,2
-0.7867375985235259,2.1123230417459453,2
1.3905738815521964,1.7140580753483379,2
2.585353967301992,2.7639902711059117,2
-2.993891734504701,1.93969171683925,2
0.557993419170776,2.8193049780666746,2
-0.7982898414935615,1.2954419743056285,2
2.652696139813223,1.4923205012260858,2
-2.701879492157031,1.4495941797353975,2
2.311971588290996,1.2059361528029902,2
-2.6034703322182065,2.108734742568071,2
-2.70581365173355,1.6466719488529442,2
-1.8685771676072815,2.9590954924383857,2
0.6248765900708579,1.3664144908716924,2
-1.1567041186401035,1.6748317690343395,2
2.4906365478584833,1.2901076145743513,2
1.95605288744078,2.0236638354627168,2
-0.2575485415183394,2.8038331702845936,2
-0.2520848900378052,1.7747231134229322,2
-2.7914602303674583,2.4105620115303097,2
1.0222367497876341,2.4204996099523193,2
1.1580861156094269,1.3850519222996072,2
2.5608306142513033,1.4269073120801554,2
-2.0901683291277946,1.9745820328584163,2
-0.0008227334951333987,2.115105491057794,2
-2.533823791804261,2.290183423952758,2
-0.24710663535672284,1.9374437720272564,2
1.8617587569816116,1.6906152498942602,2
-0.9279786058830233,1.8332959997607663,2
-2.8842004959095755,1.6359037512531804,2
-2.570287688829403,1.4537917664395943,2
-1.8602484579040857,2.414646182600773,2
0.10531963420018275,2.133178628059376,2
-2.9444987641444302,2.7331611755873286,2
-2.3443145527216047,2.3332531639735086,2
1.9052392589862324,1.2031067329627083,2
-1.1186199263169831,1.3433162493568007,2
2.2537654699477017,1.506033885005051,2
0.9581457683618981,2.3256852707456455,2
-0.7648219268574814,1.7818196283777752,2
-2.058220225244451,2.339151032385561,2
1.652078302306184,1.513573443656112,2
2.7975059653871073,2.4374560000863656,2
-2.8589732502663128,2.182060377744147,2
-2.8064863368431556,2.657668885657258,2
-1.7629493460528103,1.819411454497505,2
-0.3281356344086941,2.2993633891055723,2
-0.16459562592338894,2.1203883986686716,2
-1.5387549922811778,2.761914993187668,2
-2.419482461601251,2.317689142939254,2
1.8573418066743397,1.9028911448026884,2
1.7392875979569258,1.9996932655269637,2
-1.5389939011156382,1.3180428774071693,2
-0.6385228853552167,2.1730660582517913,2
-0.8490111725959899,1.8846693511254404,2
-0.6096341828361678,2.646355754729675,2
-0.8371156345687534,2.672625984102967,2
0.7853172287760946,1.3316862141738603,2
1.2366371551018878,1.6585554539263123,2
0.5797491755855262,2.2198295758595856,2
2.1968118537787404,1.9474950362377328,2
2.754274034870159,2.224172544273478,2
2.997334910296715,1.2092807073188077,2
-2.845009154146891,2.243911912873828,2
1.6054574728133133,1.252854218968749,2
-1.6559419710457877,1.2393104979767688,2
-2.0855081290610427,1.2245077514126335,2
-1.50750037856646,2.5645661770619075,2
-2.088825534660448,2.2033935445135224,2
-0.3829365582179767,2.7768527108387246,2
0.638536974247506,2.5852416897253736,2
2.916040130852548,2.1099605954413665,2
-2.5936346132885593,1.9072152173334267,2
-0.9616007905050008,2.5852952559664235,2
-0.9650548487792756,2.8400134788459033,2
2.3201563652963877,1.8099066902749623,2
0.19541109191591355,1.9635650015511974,2
-0.9251588869352294,1.6654671705182924,2
2.496122755428175,1.3105935916417897,2
-1.4973016283815566,2.2898174660193886,2
2.079928509278835,2.807718935957271,2
0.17270825761822106,2.97131333659218,2
-0.04734867308611701,1.8317531937240634,2
-0.19971129093755158,1.443736272755931,2
-2.1994222204986675,2.279237105182519,2
2.9174436687537417,2.9416022917117033,2
2.361898687077396,2.2723438706387498,2
-0.9002338688305871,1.930932616638465,2
1.644393124781793,2.6495695530264687,2
1.9823691453327443,1.3974682344333873,2
-2.81910684057789,2.0943359833030515,2
